<?xml version="1.0" encoding="UTF-8"?>
<beans xmlns="http://www.springframework.org/schema/beans"
       xmlns:xsi="http://www.w3.org/2001/XMLSchema-instance" xmlns:p="http://www.springframework.org/schema/p"
       xmlns:context="http://www.springframework.org/schema/context"
       xsi:schemaLocation="http://www.springframework.org/schema/beans http://www.springframework.org/schema/beans/spring-beans.xsd
       http://www.springframework.org/schema/context http://www.springframework.org/schema/context/spring-context.xsd">


    <bean id="viewResolver" class="org.springframework.web.servlet.view.InternalResourceViewResolver" p:prefix="/WEB-INF/jsp/" p:suffix=".jsp" />


    <context:component-scan base-package="com.college.web" />
<!--
<bean name="/form.htm" class="com.college.web.AdminStudentRegistrationController">
<property name="studentRegForm" value="/Form1.htm" />-->
<!-- <property name="sessionForm" value="true"/>
<property name="synchronizeOnSession" value="true"/>   
<property name="pageAttribute" value="page" />
<property name="commandClass" value="com.college.domain.Student"></property> -->
<!-- <property name="commandName" value="student"></property> -->
<!--</bean>
-->

    <bean class="org.springframework.web.servlet.mvc.annotation.DefaultAnnotationHandlerMapping" />
    <bean class="org.springframework.web.servlet.mvc.annotation.AnnotationMethodHandlerAdapter" />

    <bean id="studentValidator" class="com.college.validator.StudentValidator"/>
    <bean id="messageSource" class="org.springframework.context.support.ResourceBundleMessageSource" p:basename="messages" />

    <bean id="mydataSource" class="org.springframework.jdbc.datasource.DriverManagerDataSource" destroy-method="close">
        <property name="driverClassName" value="com.mysql.jdbc.Driver"/>
        <property name="url" value="jdbc:mysql://localhost:3306/mamatamedicalcollege"/>
        <property name="username" value="root"/>
        <property name="password" value="1234"/>
    </bean>

    <bean id="mySessionFactory" class="org.springframework.orm.hibernate3.annotation.AnnotationSessionFactoryBean">
        <property name="dataSource" ref="mydataSource" />
        <property name="annotatedClasses">
            <list>
                <value>com.college.domain.Student</value>
                
            </list>
        </property>

        <property name="hibernateProperties">
            <props>
                <prop key="hibernate.dialect">org.hibernate.dialect.MySQLDialect</prop>
                <prop key="hibernate.show_sql">true</prop>
                <prop key="hibernate.hbm2ddl.auto">update</prop>
            </props>
        </property>
    </bean>


    <bean id="studentService" class="com.college.service.StudentServiceImp">
        <property name="sessionFactory" ref="mySessionFactory"/>
    </bean>

    <!-- for Gmail -->
    
    <bean id="mailSender" class="org.springframework.mail.javamail.JavaMailSenderImpl">
        <property name="host" value="smtp.gmail.com"/>
        <property name="port" value="587" />
        <property name="username" value="ramana.miryala@gmail.com" />
        <property name="password" value="dec80venkat" />
        <property name="javaMailProperties">
            <props>

                <!-- Use SMTP-AUTH to authenticate to SMTP server -->
                <prop key="mail.smtp.auth">true</prop> 
                <!-- Use TLS to encrypt communication with SMTP server -->
                <prop key="mail.smtp.starttls.enable">true</prop>
            </props>
        </property>
    </bean>
   


    <bean id="emailSender" class="com.college.email.EmailSenderImpl">
        <property name="mailSender" ref="mailSender"/>
        <property name="velocityEngine" ref="velocityEngine"/>

    </bean>



    <!-- Velocity Configuration -->

    <bean id="velocityConfig" class="org.springframework.web.servlet.view.velocity.VelocityConfigurer">
        <property name="resourceLoaderPath" value="/WEB-INF/velocity/" />
        <property name="velocityEngine" ref="velocityEngine"/>
    </bean>

    <bean id="velocityEngine" class="org.springframework.ui.velocity.VelocityEngineFactoryBean">
        <property name="resourceLoaderPath" value="/WEB-INF/velocity/" />
        <property name="velocityProperties">
            <props>
                <prop key="resource.loader">file,springMacro</prop>
                <prop key="springMacro.resource.loader.class">org.apache.velocity.runtime.resource.loader.ClasspathResourceLoader</prop>
                <prop key="velocimacro.library">org/springframework/web/servlet/view/velocity/spring.vm</prop>
            </props>
        </property>
    </bean>

    <!-- Spring's multipart (fileupload) support with Annotations -->

    <bean id="multipartResolver"
          class="org.springframework.web.multipart.commons.CommonsMultipartResolver">

              <property name="maxUploadSize" value="100000"/>


              </bean>



    <!-- Captcha Related Mappings -->
    <!--CAPTCHAs (Completely Automated Public Turing test to tell Computers and Humans Apart)-->
    <bean id="captchaController" class="com.college.web.CaptchaController">
        <property name="captchaService" ref="captchaService" />
    </bean>

    <bean id="imageEngine" class="com.octo.captcha.engine.GenericCaptchaEngine">
        <constructor-arg index="0">
            <list>
                <ref bean="CaptchaFactory"/>
            </list>
        </constructor-arg>
    </bean>

    <bean id="CaptchaFactory" class="com.octo.captcha.image.gimpy.GimpyFactory" >
        <constructor-arg><ref bean="wordgen"/></constructor-arg>
        <constructor-arg><ref bean="wordtoimage"/></constructor-arg>
    </bean>

    <!--
    <bean id="wordgen" class= "com.octo.captcha.component.word.wordgenerator.DictionaryWordGenerator" >
        <constructor-arg><ref bean="filedict"/></constructor-arg>
    </bean>
-->
    <!-- composition of parts of words from the dictiopnary -->
    <bean id="wordgen" class="com.octo.captcha.component.word.wordgenerator.ComposeDictionaryWordGenerator" >
        <constructor-arg><ref bean="filedict"/></constructor-arg>
    </bean>

    <bean id="filedict" class="com.octo.captcha.component.word.FileDictionary" >
        <constructor-arg index="0"><value>toddlist</value></constructor-arg>
    </bean>

    <!--
    <bean id="wordtoimage" class="com.octo.captcha.component.image.wordtoimage.ComposedWordToImage" >
        <constructor-arg index="0"><ref bean="fontGenRandom"/></constructor-arg>
        <constructor-arg index="1"><ref bean="backGenUni"/></constructor-arg>
        <constructor-arg index="2"><ref bean="simpleWhitePaster"/></constructor-arg>
    </bean>

    -->

    <!-- ************ WORD 2 IMAGE declaration  ************-->

                <!-- Constructs a WordToImage, which assemble components: a font generator,
                         a background generator, a paster and deformations:
                         the fist one deform the background only (none is the "null" deformation, which does nothing)
                         the second one deform the text only (none is the "null" deformation, which does nothing)
                         the third one deform the hole picture
                         -->
    <bean id="wordtoimage" class="com.octo.captcha.component.image.wordtoimage.DeformedComposedWordToImage" >
        <constructor-arg index="0"><ref bean="fontGenRandom"/></constructor-arg>
        <constructor-arg index="1"><ref bean="backGenUni"/></constructor-arg>
        <constructor-arg index="2"><ref bean="simpleWhitePaster"/></constructor-arg>
        <constructor-arg index="3"><ref bean="none"/></constructor-arg>
        <constructor-arg index="4"><ref bean="none"/></constructor-arg>
        <constructor-arg index="5"><ref bean="none"/></constructor-arg>
    </bean>


    <bean id="fontGenRandom" class="com.octo.captcha.component.image.fontgenerator.RandomFontGenerator" >
        <constructor-arg index="0"><value>40</value></constructor-arg>
        <constructor-arg index="1"><value>50</value></constructor-arg>
        <constructor-arg index="2">
            <list>
                <ref bean="fontArial"/>
                <ref bean="fontTahoma"/>
                <ref bean="fontVerdana"/>
                <ref bean="fontComic"/>
                <ref bean="fontLucida"/>
            </list>
        </constructor-arg>
    </bean>

    <bean id="fontArial" class="java.awt.Font" >
        <constructor-arg index="0"><value>Arial</value></constructor-arg>
        <constructor-arg index="1"><value>2</value></constructor-arg>
        <constructor-arg index="2"><value>10</value></constructor-arg>
    </bean>

    <bean id="fontTahoma" class="java.awt.Font" >
        <constructor-arg index="0"><value>Tahoma</value></constructor-arg>
        <constructor-arg index="1"><value>2</value></constructor-arg>
        <constructor-arg index="2"><value>10</value></constructor-arg>
    </bean>

    <bean id="fontVerdana" class="java.awt.Font" >
        <constructor-arg index="0"><value>Verdana</value></constructor-arg>
        <constructor-arg index="1"><value>2</value></constructor-arg>
        <constructor-arg index="2"><value>10</value></constructor-arg>
    </bean>

    <bean id="fontComic" class="java.awt.Font" >
        <constructor-arg index="0"><value>Comic sans MS</value></constructor-arg>
        <constructor-arg index="1"><value>2</value></constructor-arg>
        <constructor-arg index="2"><value>10</value></constructor-arg>
    </bean>

    <bean id="fontLucida" class="java.awt.Font" >
        <constructor-arg index="0"><value>Lucida console</value></constructor-arg>
        <constructor-arg index="1"><value>2</value></constructor-arg>
        <constructor-arg index="2"><value>10</value></constructor-arg>
    </bean>

    <!--Back ground Generation -->
    <bean id="backGenUni" class="com.octo.captcha.component.image.backgroundgenerator.UniColorBackgroundGenerator" >
        <constructor-arg index="0"><value>300</value></constructor-arg> <!-- width of bcgrnd -->
        <constructor-arg index="1"><value>100</value></constructor-arg> <!-- height -->
    </bean>


    <bean id="simpleWhitePaster" class="com.octo.captcha.component.image.textpaster.SimpleTextPaster" >
        <constructor-arg type="java.lang.Integer" index="0">
            <value>6</value> <!--min no. of letters-->
        </constructor-arg>
        <constructor-arg type="java.lang.Integer" index="1">
            <value>10</value>
        </constructor-arg>
        <constructor-arg type="java.awt.Color" index="2">
            <ref bean="colorBlack"/>
        </constructor-arg>
    </bean>



    <bean id="colorBlack" class="java.awt.Color" >
        <constructor-arg index="0"><value>0</value></constructor-arg>
        <constructor-arg index="1"><value>0</value></constructor-arg>
        <constructor-arg index="2"><value>0</value></constructor-arg>
    </bean>


    <bean id="captchaService" class="com.octo.captcha.service.multitype.GenericManageableCaptchaService">

        <constructor-arg index="0"> <ref bean="imageEngine" /> </constructor-arg>
        <constructor-arg index="1"> <value>180</value> </constructor-arg>
        <constructor-arg index="2"> <value>180000</value> </constructor-arg>
        <constructor-arg type="int" index="3" value="75000"/>
    </bean>


    <!-- Captcha deformations -->
<bean id="none" class="com.octo.captcha.component.image.deformation.ImageDeformationByFilters" >
        <constructor-arg index="0">
            <null/>
        </constructor-arg>
</bean>

</beans>


<!--
    <bean id="smearDef" class="com.octo.captcha.component.image.deformation.ImageDeformationByFilters" >
        <constructor-arg index="0">
            <list>
                <ref bean="smear"/>
            </list>
        </constructor-arg>
    </bean>
    

    <bean id="rippleDef" class="com.octo.captcha.component.image.deformation.ImageDeformationByFilters" >
        <constructor-arg index="0">
            <list>
                <ref bean="ripple"/>
            </list>
        </constructor-arg>
    </bean>

    <bean id="ripple2Def" class="com.octo.captcha.component.image.deformation.ImageDeformationByFilters" >
        <constructor-arg index="0">
            <list>
                <ref bean="ripple2"/>
            </list>
        </constructor-arg>
    </bean>

    <bean id="ripple3Def" class="com.octo.captcha.component.image.deformation.ImageDeformationByFilters" >
        <constructor-arg index="0">
            <list>
                <ref bean="ripple3"/>
            </list>
        </constructor-arg>
    </bean>


    <bean id="sphereDef" class="com.octo.captcha.component.image.deformation.ImageDeformationByFilters" >
        <constructor-arg index="0">
            <list>
                <ref bean="sphere"/>
            </list>
        </constructor-arg>
    </bean>

    <bean id="waterDef" class="com.octo.captcha.component.image.deformation.ImageDeformationByFilters" >
        <constructor-arg index="0">
            <list>
                <ref bean="water"/>
            </list>
        </constructor-arg>
    </bean>

    <bean id="embossDef" class="com.octo.captcha.component.image.deformation.ImageDeformationByFilters" >
        <constructor-arg index="0">
            <list>
                <ref bean="emboss"/>
            </list>
        </constructor-arg>
    </bean>

    <bean id="rippleDefBack" class="com.octo.captcha.component.image.deformation.ImageDeformationByFilters" >
        <constructor-arg index="0">
            <list>
                <ref bean="rippleBack"/>
            </list>
        </constructor-arg>
    </bean>

    <bean id="cristalDef" class="com.octo.captcha.component.image.deformation.ImageDeformationByFilters" >
        <constructor-arg index="0">
            <list>
                <ref bean="crystal"/>
            </list>
        </constructor-arg>
    </bean>

    <bean id="weavesDef" class="com.octo.captcha.component.image.deformation.ImageDeformationByFilters" >
        <constructor-arg index="0">
            <list>
                <ref bean="weaves"/>
            </list>
        </constructor-arg>
    </bean>

    <bean id="twirlDef" class="com.octo.captcha.component.image.deformation.ImageDeformationByFilters" >
        <constructor-arg index="0">
            <list>
                <ref bean="twirl"/>
            </list>
        </constructor-arg>
    </bean>

    

    <bean id="sphere" class="com.jhlabs.image.SphereFilter" >
        <property name="refractionIndex"><value>1</value></property>
    </bean>

    <bean id="emboss" class="com.jhlabs.image.EmbossFilter" >
        <property name="bumpHeight"><value>1.0</value></property>
    </bean>

    <bean id="rippleBack" class="com.jhlabs.image.RippleFilter" >
        <property name="waveType"><value>3</value></property>
        <property name="XAmplitude"><value>10</value></property>
        <property name="YAmplitude"><value>3</value></property>
        <property name="XWavelength"><value>20</value></property>
        <property name="YWavelength"><value>10</value></property>
        <property name="edgeAction"><value>1</value></property>
    </bean>

    <bean id="smear" class="com.jhlabs.image.SmearFilter" >
        <property name="shape"><value>0</value></property>
        <property name="distance"><value>15</value></property>
        <property name="density"><value>0.4</value></property>
        <property name="scatter"><value>0.5</value></property>
        <property name="angle"><value>0.0</value></property>
        <property name="mix"><value>0.6</value></property>
        <property name="fadeout"><value>0</value></property>
    </bean>

    <bean id="ripple" class="com.jhlabs.image.RippleFilter" >
        <property name="waveType"><value>1</value></property>
        <property name="XAmplitude"><value>2</value></property>
        <property name="YAmplitude"><value>2</value></property>
        <property name="XWavelength"><value>10</value></property>
        <property name="YWavelength"><value>10</value></property>
        <property name="edgeAction"><value>1</value></property>
    </bean>

    <bean id="ripple2" class="com.jhlabs.image.RippleFilter" >
        <property name="waveType"><value>2</value></property>
        <property name="XAmplitude"><value>2</value></property>
        <property name="YAmplitude"><value>2</value></property>
        <property name="XWavelength"><value>10</value></property>
        <property name="YWavelength"><value>10</value></property>
        <property name="edgeAction"><value>1</value></property>
    </bean>

    <bean id="ripple3" class="com.jhlabs.image.RippleFilter" >
        <property name="waveType"><value>5</value></property>
        <property name="XAmplitude"><value>5</value></property>
        <property name="YAmplitude"><value>5</value></property>
        <property name="XWavelength"><value>10</value></property>
        <property name="YWavelength"><value>10</value></property>
        <property name="edgeAction"><value>1</value></property>
    </bean>


    <bean id="twirl" class="com.jhlabs.image.TwirlFilter" >
        <property name="angle"><value>0.8</value></property>
    </bean>

    <bean id="water" class="com.jhlabs.image.WaterFilter" >
        <property name="amplitude"><value>2</value></property>
        <property name="antialias"><value>true</value></property>
        <property name="wavelength"><value>20</value></property>
    </bean>

    <bean id="weaves" class="com.jhlabs.image.WeaveFilter" >
        <property name="useImageColors"><value>true</value></property>
        <property name="XGap"><value>2</value></property>
        <property name="XWidth"><value>10</value></property>
        <property name="YWidth"><value>16</value></property>
        <property name="YGap"><value>6</value></property>
    </bean>


    <bean id="crystal" class="com.jhlabs.image.CrystalizeFilter" >
        <property name="scale"><value>0.5</value></property>
        <property name="gridType"><value>1</value></property>
        <property name="fadeEdges"><value>false</value></property>
        <property name="edgeThickness"><value>0.4</value></property>
        <property name="randomness"><value>1.0</value></property>
    </bean>

-->






<!--
<bean id="colorGreen" class="java.awt.Color" >
<constructor-arg index="0"><value>0</value></constructor-arg>
<constructor-arg index="1"><value>255</value></constructor-arg>
<constructor-arg index="2"><value>0</value></constructor-arg>
</bean>
-->


<!-- Constructs the paster component, a baffle one, which make holes in characters
Parameters :
int for the min length of the word
int for the max length of the word
ColorGenerator for the color of the word
boolean to know if each character can have a different color

<bean id="simpleColoredPaster" class="com.octo.captcha.component.image.textpaster.RandomTextPaster" >
<constructor-arg type="java.lang.Integer" index="0"><value>4</value></constructor-arg>
<constructor-arg type="java.lang.Integer" index="1"><value>6</value></constructor-arg>
<constructor-arg type="com.octo.captcha.component.image.color.ColorGenerator" index="2"><ref bean="colorGenRandomDark"/></constructor-arg>
<constructor-arg index="3"><value>true</value></constructor-arg>
</bean>
-->

<!-- Constructs a color generator which generate dark color correspond to the different ranges
<bean id="colorGenRandomDark" class="com.octo.captcha.component.image.color.RandomRangeColorGenerator" >
<constructor-arg index="0">
<list>
<value>0</value>
<value>150</value>
</list>
</constructor-arg>
<constructor-arg index="1">
<list>
<value>0</value>
<value>150</value>
</list>
</constructor-arg>
<constructor-arg index="2">
<list>
<value>0</value>
<value>150</value>
</list>
</constructor-arg>
<constructor-arg index="3">
<list>
<value>255</value>
<value>255</value>
</list>
</constructor-arg>
</bean>


-->