<?xml version="1.0" encoding="UTF-8"?>
<beans:beans xmlns="http://www.springframework.org/schema/security"
	     xmlns:beans="http://www.springframework.org/schema/beans" xmlns:xsi="http://www.w3.org/2001/XMLSchema-instance"
	     xsi:schemaLocation="http://www.springframework.org/schema/beans http://www.springframework.org/schema/beans/spring-beans-2.5.xsd
				 http://www.springframework.org/schema/security http://www.springframework.org/schema/security/spring-security-2.0.4.xsd">



<!-- <global-method-security>
<protect-pointcut expression="execution(* com.college.service.*(..))" access="ROLE_USER"/>
</global-method-security>
-->


<!-- <global-method-security secured-annotations="enabled" /> -->

<!-- Add our own log out filter to invalidate session and cookies -->
  <beans:bean id="logoutFilter" class="org.springframework.security.ui.logout.LogoutFilter">
    <custom-filter position="LOGOUT_FILTER"/>
    <beans:constructor-arg value="/college_login.htm?loggedout=true"></beans:constructor-arg>
    <beans:constructor-arg>
      <beans:list>
<!-- 	<beans:ref bean="tokenbasedRememberMeHandler"/> -->
	<beans:ref bean="logoutHandler"/>
      </beans:list>
    </beans:constructor-arg>
    <beans:property name="filterProcessesUrl" value="/j_spring_security_logout" />
  </beans:bean>

  <!-- <beans:bean id="tokenbasedRememberMeHandler" class="org.springframework.security.ui.rememberme.TokenBasedRememberMeServices"></beans:bean> -->
  <beans:bean id="logoutHandler" class="org.springframework.security.ui.logout.SecurityContextLogoutHandler"></beans:bean>



  <authentication-manager alias="authenticationManagersalias" />

  <!-- Set auto-config to 'false' to add custom stuff -->
  <http auto-config="false" session-fixation-protection="none" entry-point-ref="formLoginAuthenticationEntryPoint">
    <!--<intercept-url pattern="/**" access="ROLE_ANONYMOUS, ROLE_USER, ROLE_ADMIN" /> -->
   <!-- <intercept-url pattern="/Login.jsp" access="ROLE_ANONYMOUS, ROLE_USER, ROLE_ADMIN" />-->
   <intercept-url pattern="/library.htm" access="ROLE_STAFF,ROLE_STUDENT,ROLE_ADMIN" />
   <intercept-url pattern="/performance.htm" access="ROLE_STAFF, ROLE_STUDENT,ROLE_ADMIN" />
   <intercept-url pattern="/uploadingFiles.htm" access="ROLE_STAFF,ROLE_STUDENT, ROLE_ADMIN" />
   <intercept-url pattern="/home.htm" access="ROLE_STAFF,ROLE_STUDENT, ROLE_ADMIN" />
   <intercept-url pattern="/StudentSearch.htm" access="ROLE_ADMIN" />
   <intercept-url pattern="/StudentUpdate.htm" access="ROLE_ADMIN" />
   <intercept-url pattern="/studentRegistration.htm" access="ROLE_ADMIN" />
   <intercept-url pattern="/stregsuccess.htm" access="ROLE_ADMIN" />



   <anonymous />

<!-- <concurrent-session-control max-sessions="1"
	exception-if-maximum-exceeded="true"
	expired-url="/ConcurrentSessions.html" /> -->
        
        

  </http>



  <!-- entry point for FormBased login -->
  <beans:bean id="formLoginAuthenticationEntryPoint"
	      class="org.springframework.security.ui.webapp.AuthenticationProcessingFilterEntryPoint">
    <beans:property name="loginFormUrl" value="/college_login.htm" />
  </beans:bean>

<!-- Our own authentication filter -->
  <beans:bean id="customAuthenticationProcessingFilter"
	      class="org.springframework.security.ui.webapp.AuthenticationProcessingFilter">
    <custom-filter position="AUTHENTICATION_PROCESSING_FILTER" />
    <beans:property name="defaultTargetUrl" value="/home.htm" />
    <beans:property name="authenticationManager" ref="authenticationMgr" />
    <beans:property name="authenticationFailureUrl" value="/college_login.htm?authfailed=true" />
    <beans:property name="allowSessionCreation" value="true" />
   

    <beans:property name="exceptionMappings">
      <beans:props>
	<beans:prop  key="org.springframework.security.CredentialsExpiredException">
	  /college_login.htm?newpassword=true
	</beans:prop>
	<beans:prop key="org.springframework.security.LockedException">
	  /college_login.htm?acclocked=true
	</beans:prop>
	<beans:prop key="org.springframework.security.DisabledException">
	  /college_login.htm?accdisabled=true
	</beans:prop>
        <beans:prop key="org.springframework.security.concurrent.ConcurrentLoginException">
	  /college_login.htm?concurrent=true
	</beans:prop>
        
      </beans:props>
       </beans:property>


    

  </beans:bean>



  <!-- The authentication manager with list of custom handlers -->
  <beans:bean id="authenticationMgr" class="org.springframework.security.providers.ProviderManager">
    <beans:property name="providers">
      <beans:list>
        	<beans:ref bean="authnProvider"/> 
       <!-- <beans:ref local="daoAuthenticationProvider" /> -->
      </beans:list>
    </beans:property>

   
<beans:property name="sessionController" ref="defaultConcurrentSessionController" />
</beans:bean>

<!-- Concurrent Session control -->
<!-- deafult only 1 login is allowed -->
<beans:bean id="sessionRegistry"
class="org.springframework.security.concurrent.SessionRegistryImpl" />

<beans:bean id="defaultConcurrentSessionController"
		class="org.springframework.security.concurrent.ConcurrentSessionControllerImpl">
        <beans:property name="sessionRegistry" ref="sessionRegistry" />
	<beans:property name="exceptionIfMaximumExceeded" value="true" />       
</beans:bean>


    
  <!-- auth provider which actually does low level work for authentication -->
   <beans:bean id="authnProvider" class="com.college.security.authnProvider">   
   <beans:property name="usersService" ref="usersServiceImp"/>
   </beans:bean>



 <beans:bean id="usersServiceImp" class="com.college.security.UsersServiceImp">
   <beans:property name="sessionFactory" ref="usersSessionFactory"/>
   </beans:bean>

<!-- Data source is defined for ALL TYPES of Users -->
<beans:bean id="usersSessionFactory" class="org.springframework.orm.hibernate3.annotation.AnnotationSessionFactoryBean">
    <beans:property name="dataSource" ref="usersdataSource" />
    <beans:property name="annotatedClasses">
        <beans:list>
            <beans:value>com.college.domain.Users</beans:value>
	</beans:list>
     </beans:property>

      <beans:property name="hibernateProperties">
	<beans:props>
         <beans:prop key="hibernate.dialect">org.hibernate.dialect.MySQLDialect</beans:prop>
	 <beans:prop key="hibernate.show_sql">true</beans:prop>
         <beans:prop key="hibernate.hbm2ddl.auto">update</beans:prop>
	</beans:props>
	</beans:property>
</beans:bean>

<beans:bean id="usersdataSource" class="org.springframework.jdbc.datasource.DriverManagerDataSource" destroy-method="close">
    <beans:property name="driverClassName" value="com.mysql.jdbc.Driver"/>
    <beans:property name="url" value="jdbc:mysql://localhost:3306/mamatamedicalcollege"/>
    <beans:property name="username" value="root"/>
    <beans:property name="password" value="1234"/>
</beans:bean>




</beans:beans>

 <!--
   <beans:bean id="daoAuthenticationProvider"
		class="org.springframework.security.providers.dao.DaoAuthenticationProvider">
	<beans:property name="userDetailsService" ref="userDetailsService" />
	<beans:property name="hideUserNotFoundExceptions" value="false" />
</beans:bean>


<authentication-provider>
		<user-service id="userDetailsService">
			<user name="admin" password="admin" authorities="ROLE_USER, ROLE_ADMIN" />
			<user name="ramana" password="venkat" authorities="ROLE_USER" />
			<user name="test" password="test" authorities="ROLE_USER" />
		</user-service>


	</authentication-provider>

  -->

<!--
<beans:bean id="userDetailsService" class="com.college.security.CustomUserDetailsService">
</beans:bean>

<authentication-provider user-service-ref="userDetailsService">
</authentication-provider>

-->
