<?xml version="1.0" encoding="UTF-8"?>
<project-private xmlns="http://www.netbeans.org/ns/project-private/1">
    <editor-bookmarks xmlns="http://www.netbeans.org/ns/editor-bookmarks/1"/>
    <open-files xmlns="http://www.netbeans.org/ns/projectui-open-files/1">
        <file>file:/L:/Haritha_Infotech/Medical_College_Project/src/java/com/college/web/AdminStudentController.java</file>
        <file>file:/L:/Haritha_Infotech/Medical_College_Project/web/WEB-INF/jsp/AdminStdntProfSearchResults.jsp</file>
        <file>file:/L:/Haritha_Infotech/Medical_College_Project/src/java/com/college/service/StudentServiceImp.java</file>
        <file>file:/L:/Haritha_Infotech/Medical_College_Project/web/WEB-INF/jsp/AdminStdProfile.jsp</file>
        <file>file:/L:/Haritha_Infotech/Medical_College_Project/web/WEB-INF/jsp/StudentHome.jsp</file>
        <file>file:/L:/Haritha_Infotech/Medical_College_Project/web/WEB-INF/jsp/AdminHome.jsp</file>
    </open-files>
</project-private>
