<?xml version="1.0" encoding="UTF-8"?>
<!DOCTYPE hibernate-configuration PUBLIC "-//Hibernate/Hibernate Configuration DTD 3.0//EN" "http://hibernate.sourceforge.net/hibernate-configuration-3.0.dtd">
<hibernate-configuration>
  <session-factory>
    <property name="hibernate.dialect">org.hibernate.dialect.SQLServerDialect</property>
    <property name="hibernate.connection.driver_class">com.microsoft.sqlserver.jdbc.SQLServerDriver</property>
    <property name="hibernate.connection.url">jdbc:sqlserver://ramana-pc;databaseName=a1</property>
    <property name="hibernate.connection.username">sa</property>
    <property name="hibernate.connection.password">1234</property>
    <mapping class="com.suman.biometric.HrEmployee"/>
    <mapping class="com.suman.biometric.EquFingerId"/>
    <mapping class="com.suman.biometric.EquFinger"/>
    <mapping class="com.suman.biometric.AtdRecord"/>
    <mapping class="com.suman.biometric.EquRegId"/>
    <mapping class="com.suman.biometric.AtdRecordId"/>
    <mapping class="com.suman.biometric.EquList"/>
    <mapping class="com.suman.biometric.EquReg"/>
    <mapping class="com.suman.biometric.HrEmployee"/>
    <mapping class="com.suman.biometric.EquFingerId"/>
    <mapping class="com.suman.biometric.EquFinger"/>
    <mapping class="com.suman.biometric.AtdRecord"/>
    <mapping class="com.suman.biometric.EquRegId"/>
    <mapping class="com.suman.biometric.AtdRecordId"/>
    <mapping class="com.suman.biometric.EquList"/>
    <mapping class="com.suman.biometric.EquReg"/>
    <mapping class="com.suman.biometric.HrEmployee"/>
    <mapping class="com.suman.biometric.EquFingerId"/>
    <mapping class="com.suman.biometric.EquFinger"/>
    <mapping class="com.suman.biometric.AtdRecord"/>
    <mapping class="com.suman.biometric.EquRegId"/>
    <mapping class="com.suman.biometric.AtdRecordId"/>
    <mapping class="com.suman.biometric.HrDept"/>
    <mapping class="com.suman.biometric.EquList"/>
    <mapping class="com.suman.biometric.EquReg"/>
  </session-factory>
</hibernate-configuration>
