<?xml version="1.0" encoding="UTF-8"?>
<beans xmlns="http://www.springframework.org/schema/beans"
	xmlns:xsi="http://www.w3.org/2001/XMLSchema-instance" xmlns:p="http://www.springframework.org/schema/p"
	xmlns:context="http://www.springframework.org/schema/context"
	xsi:schemaLocation="http://www.springframework.org/schema/beans http://www.springframework.org/schema/beans/spring-beans.xsd
		http://www.springframework.org/schema/context http://www.springframework.org/schema/context/spring-context.xsd">


<bean id="viewResolver" class="org.springframework.web.servlet.view.InternalResourceViewResolver" p:prefix="/WEB-INF/jsp/" p:suffix=".jsp" />


<context:component-scan base-package="com.suman.web" />



<bean class="org.springframework.web.servlet.mvc.annotation.DefaultAnnotationHandlerMapping" />
<bean class="org.springframework.web.servlet.mvc.annotation.AnnotationMethodHandlerAdapter" />

<bean id="studentValidator" class="com.suman.validator.StudentValidator"/>
<bean id="staffValidator" class="com.suman.validator.StaffValidator"/>
<bean id="catalogueValidator" class="com.suman.validator.CatalogueValidator"/>
<bean id="messageSource" class="org.springframework.context.support.ResourceBundleMessageSource" p:basename="messages" />

<bean id="mydataSource" class="org.springframework.jdbc.datasource.DriverManagerDataSource" destroy-method="close">
    <property name="driverClassName" value="com.mysql.jdbc.Driver"/>
    <property name="url" value="jdbc:mysql://localhost:3306/mamatamedicalcollege"/>
    <property name="username" value="root"/>
    <property name="password" value="1234"/>
</bean>

<bean id="mySessionFactory" class="org.springframework.orm.hibernate3.annotation.AnnotationSessionFactoryBean">
    <property name="dataSource" ref="mydataSource" />
    <property name="annotatedClasses">
        <list>
            <value>com.suman.domain.Student</value>
            <value>com.suman.domain.Marks </value>
            <value>com.suman.domain.Attendence</value>
            <value>com.suman.domain.Library</value>
            <value>com.suman.domain.Staff</value>
            <value>com.suman.domain.LeaveApplication</value>
            <value>com.suman.domain.LeaveSummary</value>
            <value>com.suman.domain.Catalogue</value>
            <value>com.suman.domain.Checkinandoutlog</value>
            <value>com.suman.domain.StdBaseProfile</value>
	</list>
     </property>

      <property name="hibernateProperties">
	<props>
         <prop key="hibernate.dialect">org.hibernate.dialect.MySQLDialect</prop>
	 <prop key="hibernate.show_sql">true</prop>
         <prop key="hibernate.hbm2ddl.auto">update</prop>
	</props>
	</property>
</bean>



<bean id="studentService" class="com.suman.service.StudentServiceImp">
<property name="sessionFactory" ref="mySessionFactory"/>
</bean>

<bean id="staffService" class="com.suman.service.StaffServiceImp">
<property name="sessionFactory" ref="mySessionFactory"/>
</bean>

<bean id="LibraryService" class="com.suman.service.LibraryServiceImp">
<property name="sessionFactory" ref="mySessionFactory"/>
</bean>

<bean id="BorrowerLibraryService" class="com.suman.service.BorrowerLibraryServiceImp">
<property name="sessionFactory" ref="mySessionFactory"/>
</bean>




<!-- for Gmail -->
<bean id="mailSender" class="org.springframework.mail.javamail.JavaMailSenderImpl">
  <property name="host" value="smtp.gmail.com"/>
  <property name="port" value="587" />
    <property name="username" value="ramana.miryala@gmail.com" />
    <property name="password" value="dec80venkat" />
    <property name="javaMailProperties">
    <props>

        <!-- Use SMTP-AUTH to authenticate to SMTP server -->
            <prop key="mail.smtp.auth">true</prop>
            <!-- Use TLS to encrypt communication with SMTP server -->
        <prop key="mail.smtp.starttls.enable">true</prop>
    </props>
    </property>
</bean>

<!-- this is a template message that we can pre-load with default state -->
<bean id="templateMessage" class="org.springframework.mail.SimpleMailMessage">
  <property name="from" value="bharathsuman.g5@gmail.com"/>
  <property name="subject" value="Your Marks"/>
</bean>





<bean id="emailSender" class="com.suman.email.EmailSenderImpl">
        <property name="mailSender" ref="mailSender"/>
        <property name="velocityEngine" ref="velocityEngine"/>

    </bean>


<!-- Velocity Configuration -->

<bean id="velocityConfig" class="org.springframework.web.servlet.view.velocity.VelocityConfigurer">
<property name="resourceLoaderPath" value="/WEB-INF/velocity/" />
<property name="velocityEngine" ref="velocityEngine"/>
</bean>

<bean id="velocityEngine" class="org.springframework.ui.velocity.VelocityEngineFactoryBean">
<property name="resourceLoaderPath" value="/WEB-INF/velocity/" />
<property name="velocityProperties">
<props>
<prop key="resource.loader">file,springMacro</prop>
<prop key="springMacro.resource.loader.class">org.apache.velocity.runtime.resource.loader.ClasspathResourceLoader</prop>
<prop key="velocimacro.library">org/springframework/web/servlet/view/velocity/spring.vm</prop>
</props>
</property>
</bean>

<!-- Spring's multipart (fileupload) support with Annotations -->

<bean id="multipartResolver"
	class="org.springframework.web.multipart.commons.CommonsMultipartResolver"/>



        <!-- Captcha Related Mappings -->
    <bean id="captchaController" class="com.suman.web.CaptchaController">
        <property name="captchaService" ref="captchaService" />
    </bean>





    <bean id="imageEngine" class="com.octo.captcha.engine.GenericCaptchaEngine">
        <constructor-arg index="0">
            <list>
                <ref bean="CaptchaFactory"/>
            </list>
        </constructor-arg>
    </bean>

    <bean id="CaptchaFactory" class="com.octo.captcha.image.gimpy.GimpyFactory" >
        <constructor-arg><ref bean="wordgen"/></constructor-arg>
        <constructor-arg><ref bean="wordtoimage"/></constructor-arg>
    </bean>

       <!--
    <bean id="wordgen" class= "com.octo.captcha.component.word.wordgenerator.DictionaryWordGenerator" >
        <constructor-arg><ref bean="filedict"/></constructor-arg>
    </bean>
-->
    <!-- composition of parts of words from the dictiopnary -->
    <bean id="wordgen" class="com.octo.captcha.component.word.wordgenerator.ComposeDictionaryWordGenerator" >
        <constructor-arg><ref bean="filedict"/></constructor-arg>
    </bean>


    <bean id="filedict" class="com.octo.captcha.component.word.FileDictionary" >
        <constructor-arg index="0"><value>toddlist</value></constructor-arg>
    </bean>

    <bean id="wordtoimage" class="com.octo.captcha.component.image.wordtoimage.ComposedWordToImage" >
        <constructor-arg index="0"><ref bean="fontGenRandom"/></constructor-arg>
        <constructor-arg index="1"><ref bean="backGenUni"/></constructor-arg>
        <constructor-arg index="2"><ref bean="simpleWhitePaster"/></constructor-arg>
    </bean>

    <bean id="fontGenRandom" class="com.octo.captcha.component.image.fontgenerator.RandomFontGenerator" >
        <constructor-arg index="0"><value>40</value></constructor-arg>
        <constructor-arg index="1"><value>50</value></constructor-arg>
        <constructor-arg index="2">
            <list>
                <ref bean="fontArial"/>
            </list>
        </constructor-arg>
    </bean>

    <bean id="fontArial" class="java.awt.Font" >
        <constructor-arg index="0"><value>Arial</value></constructor-arg>
        <constructor-arg index="1"><value>0</value></constructor-arg>
        <constructor-arg index="2"><value>10</value></constructor-arg>
    </bean>

    <bean id="backGenUni" class="com.octo.captcha.component.image.backgroundgenerator.UniColorBackgroundGenerator" >
        <constructor-arg index="0"><value>300</value></constructor-arg>
        <constructor-arg index="1"><value>100</value></constructor-arg>
    </bean>

    <bean id="simpleWhitePaster" class="com.octo.captcha.component.image.textpaster.SimpleTextPaster" >
        <constructor-arg type="java.lang.Integer" index="0">
            <value>5</value>
        </constructor-arg>
        <constructor-arg type="java.lang.Integer" index="1">
            <value>10</value>
        </constructor-arg>
        <constructor-arg type="java.awt.Color" index="2">
            <ref bean="colorBlack"/>
        </constructor-arg>
    </bean>

    <!--
    <bean id="colorGreen" class="java.awt.Color" >
        <constructor-arg index="0"><value>0</value></constructor-arg>
        <constructor-arg index="1"><value>255</value></constructor-arg>
        <constructor-arg index="2"><value>0</value></constructor-arg>
    </bean>

-->

    <bean id="colorBlack" class="java.awt.Color" >
        <constructor-arg index="0"><value>0</value></constructor-arg>
        <constructor-arg index="1"><value>0</value></constructor-arg>
        <constructor-arg index="2"><value>0</value></constructor-arg>
    </bean>


 <bean id="captchaService" class="com.octo.captcha.service.multitype.GenericManageableCaptchaService">

<constructor-arg index="0"> <ref bean="imageEngine" /> </constructor-arg>
<constructor-arg index="1"> <value>180</value> </constructor-arg>
<constructor-arg index="2"> <value>180000</value> </constructor-arg>
<constructor-arg type="int" index="3" value="75000"/>
</bean>


<!-- Captcha deformations -->
<bean id="none" class="com.octo.captcha.component.image.deformation.ImageDeformationByFilters" >
        <constructor-arg index="0">
            <null/>
        </constructor-arg>
</bean>



<!--  MS SQL DATABASE CONNECTION for ATTENDENCE PROCESSING -->


<bean id="attendenceDataSource" class="org.springframework.jdbc.datasource.DriverManagerDataSource" destroy-method="close">
    <property name="driverClassName" value="com.microsoft.sqlserver.jdbc.SQLServerDriver"/>
    <property name="url" value="jdbc:sqlserver://ramana-pc;databaseName=a1"/>
    <property name="username" value="sa"/>
    <property name="password" value="1234"/>
</bean>

<bean id="myAttendenceSessionFactory" class="org.springframework.orm.hibernate3.annotation.AnnotationSessionFactoryBean">
    <property name="dataSource" ref="attendenceDataSource" />
    <property name="annotatedClasses">
        <list>
            <value>com.suman.biometric.AtdRecord</value>
            <value>com.suman.biometric.AtdRecordId</value>
            <value>com.suman.biometric.EquFinger</value>
            <value>com.suman.biometric.EquFingerId</value>
            <value>com.suman.biometric.EquList</value>
            <value>com.suman.biometric.EquReg</value>
            <value>com.suman.biometric.EquRegId</value>
            <value>com.suman.biometric.HrEmployee</value>
	</list>
     </property>

      <property name="hibernateProperties">
	<props>
         <prop key="hibernate.dialect">org.hibernate.dialect.SQLServerDialect</prop>
	 <prop key="hibernate.show_sql">true</prop>
         <prop key="hibernate.hbm2ddl.auto">update</prop>
	</props>
	</property>
</bean>

<bean id="attendenceService" class="com.suman.service.AttendenceServiceImp">
<property name="sessionFactory" ref="myAttendenceSessionFactory"/>
</bean>




</beans>
